<?xml version="1.0" encoding="UTF-8"?>
<beans xmlns="http://www.springframework.org/schema/beans"
	xmlns:xsi="http://www.w3.org/2001/XMLSchema-instance"
	xmlns:context="http://www.springframework.org/schema/context"
	xsi:schemaLocation="http://www.springframework.org/schema/beans
http://www.springframework.org/schema/beans/spring-beans.xsd
http://www.springframework.org/schema/context
http://www.springframework.org/schema/context/spring-context.xsd">

	<bean id="test1" class="com.wipro.Test">
		<property name="testId" value="T001"></property>
		<property name="testTitle" value="Core Java"></property>
		<property name="testMarks" value="80"></property>
	</bean>
	<bean id="test2" class="com.wipro.Test">
		<property name="testId" value="T002"></property>
		<property name="testTitle" value="Oracle"></property>
		<property name="testMarks" value="83"></property>
	</bean>
	<bean id="student1" class="com.wipro.Student">
		<property name="studentId" value="S001"></property>
		<property name="studentName" value="Abhsihek Kumar Keshri"></property>
		<property name="studentTest" ref="test1"></property>
	</bean>
	<bean id="student2" class="com.wipro.Student">
		<property name="studentId" value="S002"></property>
		<property name="studentName" value="2KAbhishek"></property>
		<property name="studentTest" ref="test2"></property>
	</bean>

</beans>